{
  "n_hamiltonians": 10,
  "n_validation_samples_per_hamiltonian": 500,
  "pde_residuals": [
    6.466662307502702e-05,
    7.30987885617651e-05,
    6.101092731114477e-05,
    8.334423910127953e-05,
    1.061101102095563e-05,
    5.543107909034006e-05,
    7.546923006884754e-05,
    3.4763066651066765e-05,
    4.8001238610595465e-05,
    4.902228101855144e-05
  ],
  "mean_pde_residual": 5.5541848450957335e-05,
  "mean_proxy_abs_error": 0.0015735039929076996,
  "acceptance": {
    "pde_lt_1e-4": true,
    "proxy_error_lt_0.01": true
  }
}